{
    "mean": [
        -0.004258515201084715,
        0.0007768975712275232,
        -0.0004087403505101873,
        -0.002196772017570588,
        0.0017068105737944766,
        0.0012132909042186365,
        0.006119202056051891,
        0.7649920450373271,
        0.020560518908334352,
        0.01630767347937829,
        0.462030351242198,
        0.07737730999877616,
        0.8343837963529556,
        0.05100354913719251,
        0.4713315383673969,
        0.30008566882878474,
        0.110023252967813,
        0.5431403744951658,
        0.7678680700036715
    ],
    "std": [
        1.0045269715941036,
        1.0005639621148164,
        0.998094783052177,
        1.0001131013133582,
        1.0026344712829132,
        1.000264568313084,
        0.07798562317664137,
        0.42400379251480186,
        0.1419076600136666,
        0.12665596419066996,
        0.49855622127620597,
        0.26718918746111237,
        0.3717357619823322,
        0.22000497065430705,
        0.4991774427071199,
        0.4582949489055773,
        0.3129187382918984,
        0.49813543147262357,
        0.42219272503503436
    ],
    "X_train_shape": [
        32684,
        19
    ],
    "n_features": 19
}