{
    "mean": [
        -0.0571465265693953,
        -0.4497010257031495,
        -0.2721269079411906,
        -0.3093090817674476,
        -0.9409846680713168,
        -0.34015000088595726,
        0.009821319299963285,
        0.7338759025823033,
        0.025639456614857423,
        0.017745685962550484,
        0.48797576795985803,
        0.07679598580345123,
        0.8419716069024599,
        0.0473932199241219,
        0.5957349161669319,
        0.2708970750214172,
        0.06379268143434096,
        0.6828417574348304,
        0.6654632235956431
    ],
    "std": [
        1.109693498889059,
        0.7340342212642457,
        0.9684444269140431,
        0.800514858277968,
        0.31075755858437076,
        1.0715219308792903,
        0.09861470979104209,
        0.44192992905132933,
        0.15805718863548174,
        0.13202566641478855,
        0.4998553969337981,
        0.26626746396795714,
        0.36476762475931085,
        0.2124784756848225,
        0.4907492494405982,
        0.4444230526944545,
        0.2443832548063751,
        0.46536962915315244,
        0.4718282755805741
    ],
    "X_train_shape": [
        32684,
        19
    ],
    "n_features": 19
}