{
    "mean": [
        0.00573547300026862,
        -0.004602081520790521,
        -0.006080411731819943,
        0.0020452370577574617,
        -0.0023983956630674735,
        4.3241758331689234e-05,
        -0.0017406058955664891,
        -0.00500898809051507,
        -0.0008509977013140785,
        0.005750431282346176,
        0.7539294613762699,
        0.020414031052328925,
        0.015286563158903584,
        0.4583093732029902,
        0.07255127467893425,
        0.8421506612995975,
        0.0478244201648457,
        0.4727812919302281,
        0.2965305731263178,
        0.10552041403105233,
        0.5395821353268162,
        0.7711807552233084
    ],
    "std": [
        0.9952129441559112,
        0.9963855648662182,
        1.0041773380254926,
        0.9995989834802343,
        0.9814347273707811,
        0.999466405722446,
        0.9972760304196097,
        0.8731588694393391,
        0.9736933732056808,
        0.0756132516323243,
        0.4307201279777362,
        0.1414118042757516,
        0.12269019580101923,
        0.4982588600690132,
        0.25939851044560003,
        0.36459967769081764,
        0.2133945758465805,
        0.4992585922455542,
        0.45672770041644645,
        0.3072228120660437,
        0.49843079214969205,
        0.42007261038600946
    ],
    "X_train_shape": [
        20868,
        22
    ],
    "n_features": 22
}