{
    "dataset_type": "BALANCED",
    "optimal_threshold": 0.515,
    "overall_metrics": {
        "accuracy": 0.6045946542964435,
        "recall": 0.556095406360424,
        "precision": 0.6159491193737769,
        "f1_score": 0.5844939647168059,
        "specificity": 0.6531153336279275
    },
    "gender_fairness_6metrics": {
        "demographic_parity": {
            "gap": 0.005710947955543999,
            "fair": true
        },
        "equal_opportunity": {
            "gap": 0.010495902856382244,
            "fair": true
        },
        "predictive_parity": {
            "gap": 0.008476403460174753,
            "fair": true
        },
        "equalized_odds": {
            "gap": 0.005570343633464009,
            "fair": true
        },
        "disparate_impact": {
            "ratio": 0.9874237094442918,
            "fair": true
        },
        "calibration": {
            "gap": 0.005202437542597416,
            "fair": true
        },
        "overall_verdict": {
            "passes": 6,
            "total": 6,
            "verdict": "FAIR"
        }
    },
    "race_fairness_6metrics": {
        "demographic_parity": {
            "gap": 0.0049451807098991885,
            "fair": true
        },
        "equal_opportunity": {
            "gap": 0.004952913880169163,
            "fair": true
        },
        "predictive_parity": {
            "gap": 0.002301182111861255,
            "fair": true
        },
        "equalized_odds": {
            "gap": 0.008368292377374548,
            "fair": true
        },
        "disparate_impact": {
            "ratio": 0.9893420660018203,
            "fair": true
        },
        "calibration": {
            "gap": 0.008963661827003588,
            "fair": true
        },
        "overall_verdict": {
            "passes": 6,
            "total": 6,
            "verdict": "FAIR"
        }
    },
    "group_details": {
        "gender": {
            "Male": {
                "acc": 0.6017526777020448,
                "recall": 0.5503421309872922,
                "prec": 0.6112920738327905,
                "f1": 0.5792181069958847,
                "sr": 0.44839337877312563,
                "fpr": 0.3472356935014549,
                "count": 2054
            },
            "Female": {
                "acc": 0.6069551152446422,
                "recall": 0.5608380338436745,
                "prec": 0.6197684772929652,
                "f1": 0.5888324873096447,
                "sr": 0.4541043267286696,
                "fpr": 0.3465909090909091,
                "count": 2473
            }
        },
        "race": {
            "Caucasian": {
                "acc": 0.6051856216853271,
                "recall": 0.5641176470588235,
                "prec": 0.6155327342747111,
                "f1": 0.5887047268262738,
                "sr": 0.4590453741897466,
                "fpr": 0.35360094451003543,
                "count": 3394
            },
            "AfricanAmerican": {
                "acc": 0.5962219598583235,
                "recall": 0.5591647331786543,
                "prec": 0.6132315521628499,
                "f1": 0.5849514563106796,
                "sr": 0.4639905548996458,
                "fpr": 0.36538461538461536,
                "count": 847
            }
        }
    }
}