{
  "gender": {
    "Female": {
      "n_samples": 2422,
      "positive_rate": 0.5012386441230774,
      "top_5_features": [
        [
          "number_inpatient",
          0.007473702383154952
        ],
        [
          "discharge_disposition_id_1",
          0.0034138895842064586
        ],
        [
          "number_emergency",
          0.0010342400338984267
        ],
        [
          "discharge_disposition_id_22",
          0.0009827191390474718
        ],
        [
          "time_in_hospital",
          0.0005021554885073805
        ]
      ],
      "importance_vector": [
        0.0005021554885073805,
        0.0001516663974172378,
        5.8752420605708725e-05,
        0.00024249017840231366,
        0.0,
        0.0010342400338984267,
        0.007473702383154952,
        9.657405736750425e-05,
        0.00023603828942151222,
        6.125337463864539e-05,
        4.561846582851378e-06,
        2.6384329002935837e-05,
        9.517908991393314e-05,
        0.00012782373925120796,
        0.0,
        0.0,
        0.0,
        2.5495596404134838e-05,
        0.00013459998757836943,
        5.8897527849501036e-05,
        0.00013563749887783537,
        0.00013225248850253906,
        4.311993783487447e-05,
        5.241573704860348e-05,
        0.00017756041737555388,
        0.0,
        9.551795729231524e-05,
        5.07816533105357e-05,
        3.642770192566203e-05,
        0.0,
        9.571001654262396e-05,
        0.0,
        0.0,
        0.0,
        0.0034138895842064586,
        0.0004763275667121012,
        0.00026885316207815276,
        0.0,
        0.0,
        0.00020701520258830408,
        0.00013246885726116015,
        0.0,
        0.0,
        0.0,
        0.0,
        0.0,
        0.0,
        4.756758038131052e-05,
        0.0009827191390474718,
        0.000400893846379159,
        0.0,
        0.0,
        0.0,
        0.00018601699389357687,
        0.0,
        0.0,
        0.0,
        0.0,
        3.899688670193971e-05,
        0.00014090534981609464,
        0.0,
        0.0,
        0.0,
        6.099647129552548e-05,
        0.0,
        0.0,
        0.00011766483392597156,
        7.30022637428908e-05,
        5.646127809559828e-05,
        1.4957997834923183e-05,
        0.00011422950859846642,
        0.00017714162028414253,
        1.8660392885474894e-05,
        6.008072626854903e-05,
        0.00011107702959315449,
        3.171829037843889e-05,
        0.00016720583157287422,
        5.4470202601485344e-05,
        7.356266858037997e-05,
        2.0468032806178944e-05,
        7.3926893006815e-05,
        0.00027785655708521877,
        3.3858122068186905e-05,
        0.00018280399973586806,
        0.00012644760920865682,
        6.863973907343798e-05,
        0.0,
        2.6484709179904877e-05,
        5.9755200192019394e-05,
        1.1315869748613954e-05,
        0.0,
        0.0003398377129065414,
        0.00011834347389702765,
        1.2698591196932591e-05,
        0.0,
        0.0001093169594825729,
        0.00011412662076591676,
        0.0001959623818239523,
        7.363336201934757e-05,
        1.3204340031306925e-05,
        0.00019523909801094552,
        0.00014775864960803227,
        0.0003228486564906322,
        3.7476647570728294e-05,
        1.6574537972162495e-05,
        2.4504304107840433e-05,
        8.989209991898982e-05,
        0.0,
        0.00011404547300710753,
        6.697336386823818e-05,
        0.0,
        0.0,
        0.0002094213362438839,
        3.3543547760681066e-05,
        0.0,
        0.0,
        0.0,
        0.0,
        0.00019523057613353117,
        7.754358533763317e-05,
        0.00016963925492170117,
        0.0,
        0.0,
        5.803208495046804e-05,
        0.0,
        0.0,
        0.0,
        9.266262435340463e-05,
        3.5940965095008946e-05,
        0.0,
        0.0,
        0.0,
        0.0,
        6.10632848739684e-05,
        0.0003002056126438793,
        0.0,
        0.0,
        0.00010441038680640713,
        1.5087408020925443e-05,
        2.4225164727409257e-05,
        0.0,
        0.0,
        0.0,
        0.0,
        0.0,
        0.0,
        0.0,
        0.0,
        0.0,
        0.0,
        0.0,
        0.0,
        1.6936878208064916e-05,
        4.824876065137526e-05,
        3.8082463821582966e-06,
        0.0,
        0.0,
        0.0,
        0.0,
        0.0,
        0.0,
        0.0,
        0.0,
        0.0,
        0.00027756815695390827,
        2.543370987642461e-07
      ]
    },
    "Male": {
      "n_samples": 2053,
      "positive_rate": 0.5114466547966003,
      "top_5_features": [
        [
          "number_inpatient",
          0.004556477637320894
        ],
        [
          "discharge_disposition_id_1",
          0.0023255171188899942
        ],
        [
          "discharge_disposition_id_22",
          0.000886707873829577
        ],
        [
          "diag_1_Respiratory",
          0.0005317109076057563
        ],
        [
          "diag_2_Neoplasms",
          0.0003865287759686886
        ]
      ],