{
  "1": {
    "hospital_name": "Circulatory (Heart/Stroke)",
    "n_samples": 1351,
    "n_shap_samples": 50,
    "positive_rate": 0.5136935710906982,
    "top_10_features": [
      [
        "number_inpatient",
        0.004933930391077227
      ],
      [
        "discharge_disposition_id_1",
        0.0032722359349654836
      ],
      [
        "discharge_disposition_id_22",
        0.000784912450666675
      ],
      [
        "num_procedures",
        0.0006633428236171142
      ],
      [
        "time_in_hospital",
        0.0004983658309828486
      ],
      [
        "num_lab_procedures",
        0.0004931844219280838
      ],
      [
        "number_emergency",
        0.0004189325652238288
      ],
      [
        "discharge_disposition_id_6",
        0.00029555649183023375
      ],
      [
        "number_diagnoses",
        0.0002721094972395644
      ],
      [
        "diag_3_Other",
        0.0002514733284722382
      ]
    ],
    "importance_vector": [
      0.0004983658309828486,
      0.0004931844219280838,
      0.0006633428236171142,
      0.00021601113431543508,
      7.942825404777382e-05,
      0.0004189325652238288,
      0.004933930391077227,
      0.0002721094972395644,
      7.324934925121474e-05,
      0.0,
      3.0476183633040242e-05,
      9.190026726485198e-07,
      8.571966913942758e-05,
      9.416291453684587e-05,
      9.405142436424231e-05,
      8.84876039600197e-05,
      0.0,
      0.0,
      0.0,
      1.585114778370105e-05,
      3.198261674908008e-05,
      0.0001539697423505188,
      0.00011443422589384463,
      0.00013932491183095704,
      0.00014812487880880136,
      0.0001021986299038926,
      9.955347173342316e-05,
      0.00010813827786572174,
      0.00019995363600391032,
      0.0,
      5.4040898427592024e-05,
      2.424421068763919e-05,
      0.0,
      0.0,
      0.0032722359349654836,
      0.00014804358909946942,
      7.242896160851607e-05,
      0.0,
      7.208152708582073e-05,
      0.00029555649183023375,
      9.023183064902116e-06,
      0.0,
      0.0,
      0.0,
      0.0,
      0.0,
      0.0,
      0.0001307114355059135,
      0.000784912450666675,
      0.0,
      0.0,
      0.00010690673835516155,
      0.0,
      8.166942590695371e-05,
      5.388777640828745e-05,
      7.569870647133149e-05,
      0.00010181445952269854,
      0.0,
      4.219917411335695e-06,
      5.498815183274717e-05,
      0.0,
      0.0,
      0.0,
      5.568814835554344e-05,
      0.0,
      0.0,
      0.0,
      0.0,
      0.0,
      0.0,
      0.0,
      0.0,
      0.0,
      0.0,
      0.0,
      7.025459607386764e-05,
      0.0001499266204899067,
      3.476926966657384e-05,
      7.228909731215227e-05,
      4.683289400060932e-05,
      8.9085469755189e-05,
      0.0,
      0.00024193529217780268,
      0.00016956943257842846,
      0.00022053309028603846,
      0.00010367639202680218,
      9.791348242283334e-06,
      8.426874614908063e-05,
      3.0213751250490673e-05,
      0.0,
      0.0001062299310388363,
      0.0002514733284722382,
      4.6550448667008175e-05,
      2.9064323571860242e-05,
      0.0,
      8.227189650377513e-05,
      0.0,
      6.727056310653067e-05,
      9.540832009646442e-05,
      0.00011710350138337651,
      3.358859764315865e-05,
      9.602584776237266e-05,
      0.00012609734718070114,
      0.0,
      5.24208860086695e-05,
      5.037827149572999e-05,
      1.6624737588873732e-05,
      0.0,
      2.0215474068442375e-05,
      0.00011098251674221697,
      0.0,
      0.0,
      2.209040869143493e-05,
      9.918228892281336e-06,
      0.0,
      0.0,
      0.0,
      0.0,
      0.00014198468163402012,
      8.295559593388714e-05,
      0.0,
      0.0,
      2.782572539548949e-05,
      3.905388207526037e-05,
      8.739584241036514e-05,
      0.0,
      3.6672909704252504e-06,
      8.475282061308956e-05,
      4.63251319891314e-05,
      0.0,
      0.0,
      0.0,
      0.0,
      8.783624160207011e-05,
      9.966514903097513e-05,
      0.0,
      0.0,
      5.210185167095962e-05,
      4.258387506236413e-05,
      0.0,
      0.0,
      0.0,
      0.0,
      0.0,
      0.0,
      0.0,
      0.0,
      0.0,
      0.0,
      0.0,
      0.0,
      0.0002029897859088883,
      5.190404612405188e-05,
      4.778374514799264e-05,
      0.00015255527017181533,
      0.0,
      0.0,
      0.0,
      0.0,
      0.0,
      0.0,
      0.0,
      0.0,
      0.0,
      0.0002073696139579417,
      0.00017920737910646204
    ],
    "clinical_validation": {
      "alignment_score": 0.5555555555555556,
      "interpretation": "INVESTIGATE",
      "matched_expected": [
        "num_lab_procedures",
        "number_diagnoses",
        "number_emergency",
        "number_inpatient",
        "time_in_hospital"
      ],
      "unmatched_expected": [
        "age",
        "diabetesMed",
        "insulin",
        "num_medications"
      ],
      "top_10_features": [
        "num_lab_procedures",
        "number_emergency",
        "number_inpatient",
        "discharge_disposition_id_6",
        "diag_3_Other",
        "number_diagnoses",
        "discharge_disposition_id_1",
        "time_in_hospital",
        "num_procedures",
        "discharge_disposition_id_22"
      ],
      "explanation": "Model may have learned spurious patterns - verify with domain experts"
    }
  },
  "2": {
    "hospital_name": "Metabolic (Diabetes/Kidney)",
    "n_samples": 639,
    "n_shap_samples": 50,
    "positive_rate": 0.5289514660835266,
    "top_10_features": [
      [
        "number_inpatient",
        0.004341099457245016
      ],
      [
        "discharge_disposition_id_1",
        0.0035352881687330646
      ],
      [
        "number_emergency",
        0.0010827736966659961
      ],
      [
        "discharge_disposition_id_22",
        0.0008958438548651343
      ],
      [
        "time_in_hospital",
        0.0006074762232059978
      ],
      [
        "diag_2_Diabetes",
        0.0005059307715929961
      ],
      [
        "diag_3_Other",
        0.0004737590856029566
      ],
      [
        "num_medications",
        0.000368140776053406
      ],
      [
        "discharge_disposition_id_2",
        0.00033937514082839343
      ],
      [
        "num_procedures",
        0.0002886901974127045
      ]
    ],